<annotation>
	<folder>JPEGImages</folder>
	<filename>1001.jpg</filename>
	<path>D:\本科毕设\数据集标注\羊只数据集\VOCdevkit\VOC2007\JPEGImages\1001.jpg</path>
	<source>
		<database>Unknown</database>
	</source>
	<size>
		<width>2560</width>
		<height>1440</height>
		<depth>3</depth>
	</size>
	<segmented>0</segmented>
	<object>
		<name>lying</name>
		<pose>Unspecified</pose>
		<truncated>0</truncated>
		<difficult>0</difficult>
		<bndbox>
			<xmin>1573</xmin>
			<ymin>378</ymin>
			<xmax>1957</xmax>
			<ymax>607</ymax>
		</bndbox>
	</object>
	<object>
		<name>lying</name>
		<pose>Unspecified</pose>
		<truncated>0</truncated>
		<difficult>0</difficult>
		<bndbox>
			<xmin>1238</xmin>
			<ymin>349</ymin>
			<xmax>1483</xmax>
			<ymax>555</ymax>
		</bndbox>
	</object>
</annotation>
