<annotation>
	<folder>JPEGImages</folder>
	<filename>1006.jpg</filename>
	<path>D:\本科毕设\数据集标注\羊只数据集\VOCdevkit\VOC2007\JPEGImages\1006.jpg</path>
	<source>
		<database>Unknown</database>
	</source>
	<size>
		<width>2560</width>
		<height>1440</height>
		<depth>3</depth>
	</size>
	<segmented>0</segmented>
	<object>
		<name>lying</name>
		<pose>Unspecified</pose>
		<truncated>0</truncated>
		<difficult>0</difficult>
		<bndbox>
			<xmin>1570</xmin>
			<ymin>392</ymin>
			<xmax>1920</xmax>
			<ymax>608</ymax>
		</bndbox>
	</object>
	<object>
		<name>lying</name>
		<pose>Unspecified</pose>
		<truncated>0</truncated>
		<difficult>0</difficult>
		<bndbox>
			<xmin>1228</xmin>
			<ymin>326</ymin>
			<xmax>1506</xmax>
			<ymax>536</ymax>
		</bndbox>
	</object>
</annotation>
