<annotation>
	<folder>JPEGImages</folder>
	<filename>1016.jpg</filename>
	<path>D:\本科毕设\数据集标注\羊只数据集\VOCdevkit\VOC2007\JPEGImages\1016.jpg</path>
	<source>
		<database>Unknown</database>
	</source>
	<size>
		<width>2560</width>
		<height>1440</height>
		<depth>3</depth>
	</size>
	<segmented>0</segmented>
	<object>
		<name>lying</name>
		<pose>Unspecified</pose>
		<truncated>0</truncated>
		<difficult>0</difficult>
		<bndbox>
			<xmin>1620</xmin>
			<ymin>381</ymin>
			<xmax>1903</xmax>
			<ymax>582</ymax>
		</bndbox>
	</object>
	<object>
		<name>lying</name>
		<pose>Unspecified</pose>
		<truncated>0</truncated>
		<difficult>0</difficult>
		<bndbox>
			<xmin>1264</xmin>
			<ymin>368</ymin>
			<xmax>1481</xmax>
			<ymax>551</ymax>
		</bndbox>
	</object>
</annotation>
