<annotation>
	<folder>JPEGImages</folder>
	<filename>1027.jpg</filename>
	<path>D:\本科毕设\绵羊数据集\VOCdevkit\VOC2007\JPEGImages\1027.jpg</path>
	<source>
		<database>Unknown</database>
	</source>
	<size>
		<width>2560</width>
		<height>1440</height>
		<depth>3</depth>
	</size>
	<segmented>0</segmented>
	<object>
		<name>lying</name>
		<pose>Unspecified</pose>
		<truncated>0</truncated>
		<difficult>0</difficult>
		<bndbox>
			<xmin>1593</xmin>
			<ymin>358</ymin>
			<xmax>1937</xmax>
			<ymax>647</ymax>
		</bndbox>
	</object>
	<object>
		<name>lying</name>
		<pose>Unspecified</pose>
		<truncated>0</truncated>
		<difficult>0</difficult>
		<bndbox>
			<xmin>1255</xmin>
			<ymin>355</ymin>
			<xmax>1497</xmax>
			<ymax>517</ymax>
		</bndbox>
	</object>
	<object>
		<name>lying</name>
		<pose>Unspecified</pose>
		<truncated>0</truncated>
		<difficult>0</difficult>
		<bndbox>
			<xmin>1396</xmin>
			<ymin>253</ymin>
			<xmax>1559</xmax>
			<ymax>473</ymax>
		</bndbox>
	</object>
	<object>
		<name>lying</name>
		<pose>Unspecified</pose>
		<truncated>0</truncated>
		<difficult>0</difficult>
		<bndbox>
			<xmin>1092</xmin>
			<ymin>347</ymin>
			<xmax>1322</xmax>
			<ymax>579</ymax>
		</bndbox>
	</object>
	<object>
		<name>lying</name>
		<pose>Unspecified</pose>
		<truncated>0</truncated>
		<difficult>0</difficult>
		<bndbox>
			<xmin>1053</xmin>
			<ymin>170</ymin>
			<xmax>1162</xmax>
			<ymax>294</ymax>
		</bndbox>
	</object>
	<object>
		<name>lying</name>
		<pose>Unspecified</pose>
		<truncated>0</truncated>
		<difficult>0</difficult>
		<bndbox>
			<xmin>723</xmin>
			<ymin>244</ymin>
			<xmax>888</xmax>
			<ymax>366</ymax>
		</bndbox>
	</object>
	<object>
		<name>lying</name>
		<pose>Unspecified</pose>
		<truncated>0</truncated>
		<difficult>0</difficult>
		<bndbox>
			<xmin>603</xmin>
			<ymin>207</ymin>
			<xmax>727</xmax>
			<ymax>316</ymax>
		</bndbox>
	</object>
	<object>
		<name>lying</name>
		<pose>Unspecified</pose>
		<truncated>0</truncated>
		<difficult>0</difficult>
		<bndbox>
			<xmin>422</xmin>
			<ymin>212</ymin>
			<xmax>553</xmax>
			<ymax>329</ymax>
		</bndbox>
	</object>
</annotation>
