<annotation>
	<folder>JPEGImages</folder>
	<filename>103.jpg</filename>
	<path>D:\本科毕设\绵羊数据集\VOCdevkit\VOC2007\JPEGImages\103.jpg</path>
	<source>
		<database>Unknown</database>
	</source>
	<size>
		<width>2560</width>
		<height>1440</height>
		<depth>3</depth>
	</size>
	<segmented>0</segmented>
	<object>
		<name>eating</name>
		<pose>Unspecified</pose>
		<truncated>0</truncated>
		<difficult>0</difficult>
		<bndbox>
			<xmin>1260</xmin>
			<ymin>433</ymin>
			<xmax>1867</xmax>
			<ymax>878</ymax>
		</bndbox>
	</object>
	<object>
		<name>eating</name>
		<pose>Unspecified</pose>
		<truncated>0</truncated>
		<difficult>0</difficult>
		<bndbox>
			<xmin>2232</xmin>
			<ymin>374</ymin>
			<xmax>2463</xmax>
			<ymax>644</ymax>
		</bndbox>
	</object>
	<object>
		<name>eating</name>
		<pose>Unspecified</pose>
		<truncated>0</truncated>
		<difficult>0</difficult>
		<bndbox>
			<xmin>1181</xmin>
			<ymin>42</ymin>
			<xmax>1471</xmax>
			<ymax>217</ymax>
		</bndbox>
	</object>
	<object>
		<name>eating</name>
		<pose>Unspecified</pose>
		<truncated>0</truncated>
		<difficult>0</difficult>
		<bndbox>
			<xmin>1287</xmin>
			<ymin>157</ymin>
			<xmax>1573</xmax>
			<ymax>359</ymax>
		</bndbox>
	</object>
	<object>
		<name>eating</name>
		<pose>Unspecified</pose>
		<truncated>0</truncated>
		<difficult>0</difficult>
		<bndbox>
			<xmin>1299</xmin>
			<ymin>247</ymin>
			<xmax>1655</xmax>
			<ymax>452</ymax>
		</bndbox>
	</object>
	<object>
		<name>eating</name>
		<pose>Unspecified</pose>
		<truncated>0</truncated>
		<difficult>0</difficult>
		<bndbox>
			<xmin>1338</xmin>
			<ymin>346</ymin>
			<xmax>1739</xmax>
			<ymax>573</ymax>
		</bndbox>
	</object>
	<object>
		<name>standing</name>
		<pose>Unspecified</pose>
		<truncated>0</truncated>
		<difficult>0</difficult>
		<bndbox>
			<xmin>779</xmin>
			<ymin>77</ymin>
			<xmax>1090</xmax>
			<ymax>282</ymax>
		</bndbox>
	</object>
	<object>
		<name>lying</name>
		<pose>Unspecified</pose>
		<truncated>0</truncated>
		<difficult>0</difficult>
		<bndbox>
			<xmin>901</xmin>
			<ymin>34</ymin>
			<xmax>1049</xmax>
			<ymax>145</ymax>
		</bndbox>
	</object>
	<object>
		<name>eating</name>
		<pose>Unspecified</pose>
		<truncated>0</truncated>
		<difficult>0</difficult>
		<bndbox>
			<xmin>2081</xmin>
			<ymin>275</ymin>
			<xmax>2299</xmax>
			<ymax>484</ymax>
		</bndbox>
	</object>
	<object>
		<name>standing</name>
		<pose>Unspecified</pose>
		<truncated>0</truncated>
		<difficult>0</difficult>
		<bndbox>
			<xmin>2009</xmin>
			<ymin>90</ymin>
			<xmax>2148</xmax>
			<ymax>260</ymax>
		</bndbox>
	</object>
	<object>
		<name>eating</name>
		<pose>Unspecified</pose>
		<truncated>0</truncated>
		<difficult>0</difficult>
		<bndbox>
			<xmin>1961</xmin>
			<ymin>220</ymin>
			<xmax>2155</xmax>
			<ymax>368</ymax>
		</bndbox>
	</object>
	<object>
		<name>eating</name>
		<pose>Unspecified</pose>
		<truncated>0</truncated>
		<difficult>0</difficult>
		<bndbox>
			<xmin>1872</xmin>
			<ymin>195</ymin>
			<xmax>2070</xmax>
			<ymax>325</ymax>
		</bndbox>
	</object>
</annotation>
