<annotation>
	<folder>JPEGImages</folder>
	<filename>1035.jpg</filename>
	<path>D:\本科毕设\数据集标注\羊只数据集\VOCdevkit\VOC2007\JPEGImages\1035.jpg</path>
	<source>
		<database>Unknown</database>
	</source>
	<size>
		<width>2560</width>
		<height>1440</height>
		<depth>3</depth>
	</size>
	<segmented>0</segmented>
	<object>
		<name>lying</name>
		<pose>Unspecified</pose>
		<truncated>0</truncated>
		<difficult>0</difficult>
		<bndbox>
			<xmin>1167</xmin>
			<ymin>327</ymin>
			<xmax>1550</xmax>
			<ymax>566</ymax>
		</bndbox>
	</object>
	<object>
		<name>lying</name>
		<pose>Unspecified</pose>
		<truncated>0</truncated>
		<difficult>0</difficult>
		<bndbox>
			<xmin>1538</xmin>
			<ymin>347</ymin>
			<xmax>1945</xmax>
			<ymax>669</ymax>
		</bndbox>
	</object>
</annotation>
