<annotation>
	<folder>JPEGImages</folder>
	<filename>1135.jpg</filename>
	<path>D:\本科毕设\绵羊数据集\VOCdevkit\VOC2007\JPEGImages\1135.jpg</path>
	<source>
		<database>Unknown</database>
	</source>
	<size>
		<width>2560</width>
		<height>1440</height>
		<depth>3</depth>
	</size>
	<segmented>0</segmented>
	<object>
		<name>lying</name>
		<pose>Unspecified</pose>
		<truncated>0</truncated>
		<difficult>0</difficult>
		<bndbox>
			<xmin>1028</xmin>
			<ymin>573</ymin>
			<xmax>1501</xmax>
			<ymax>914</ymax>
		</bndbox>
	</object>
	<object>
		<name>lying</name>
		<pose>Unspecified</pose>
		<truncated>0</truncated>
		<difficult>0</difficult>
		<bndbox>
			<xmin>677</xmin>
			<ymin>347</ymin>
			<xmax>1059</xmax>
			<ymax>568</ymax>
		</bndbox>
	</object>
	<object>
		<name>eating</name>
		<pose>Unspecified</pose>
		<truncated>0</truncated>
		<difficult>0</difficult>
		<bndbox>
			<xmin>1022</xmin>
			<ymin>114</ymin>
			<xmax>1310</xmax>
			<ymax>301</ymax>
		</bndbox>
	</object>
	<object>
		<name>eating</name>
		<pose>Unspecified</pose>
		<truncated>0</truncated>
		<difficult>0</difficult>
		<bndbox>
			<xmin>1675</xmin>
			<ymin>163</ymin>
			<xmax>1945</xmax>
			<ymax>339</ymax>
		</bndbox>
	</object>
	<object>
		<name>eating</name>
		<pose>Unspecified</pose>
		<truncated>0</truncated>
		<difficult>0</difficult>
		<bndbox>
			<xmin>1549</xmin>
			<ymin>77</ymin>
			<xmax>1761</xmax>
			<ymax>248</ymax>
		</bndbox>
	</object>
	<object>
		<name>lying</name>
		<pose>Unspecified</pose>
		<truncated>0</truncated>
		<difficult>0</difficult>
		<bndbox>
			<xmin>1870</xmin>
			<ymin>175</ymin>
			<xmax>2029</xmax>
			<ymax>339</ymax>
		</bndbox>
	</object>
</annotation>
