<annotation>
	<folder>JPEGImages</folder>
	<filename>135.jpg</filename>
	<path>D:\本科毕设\绵羊数据集\VOCdevkit\VOC2007\JPEGImages\135.jpg</path>
	<source>
		<database>Unknown</database>
	</source>
	<size>
		<width>2560</width>
		<height>1440</height>
		<depth>3</depth>
	</size>
	<segmented>0</segmented>
	<object>
		<name>eating</name>
		<pose>Unspecified</pose>
		<truncated>0</truncated>
		<difficult>0</difficult>
		<bndbox>
			<xmin>1318</xmin>
			<ymin>520</ymin>
			<xmax>1945</xmax>
			<ymax>947</ymax>
		</bndbox>
	</object>
	<object>
		<name>eating</name>
		<pose>Unspecified</pose>
		<truncated>0</truncated>
		<difficult>0</difficult>
		<bndbox>
			<xmin>2218</xmin>
			<ymin>390</ymin>
			<xmax>2449</xmax>
			<ymax>660</ymax>
		</bndbox>
	</object>
	<object>
		<name>eating</name>
		<pose>Unspecified</pose>
		<truncated>0</truncated>
		<difficult>0</difficult>
		<bndbox>
			<xmin>1205</xmin>
			<ymin>49</ymin>
			<xmax>1442</xmax>
			<ymax>229</ymax>
		</bndbox>
	</object>
	<object>
		<name>eating</name>
		<pose>Unspecified</pose>
		<truncated>0</truncated>
		<difficult>0</difficult>
		<bndbox>
			<xmin>1263</xmin>
			<ymin>160</ymin>
			<xmax>1564</xmax>
			<ymax>340</ymax>
		</bndbox>
	</object>
	<object>
		<name>eating</name>
		<pose>Unspecified</pose>
		<truncated>0</truncated>
		<difficult>0</difficult>
		<bndbox>
			<xmin>1329</xmin>
			<ymin>377</ymin>
			<xmax>1855</xmax>
			<ymax>685</ymax>
		</bndbox>
	</object>
	<object>
		<name>standing</name>
		<pose>Unspecified</pose>
		<truncated>0</truncated>
		<difficult>0</difficult>
		<bndbox>
			<xmin>794</xmin>
			<ymin>108</ymin>
			<xmax>1081</xmax>
			<ymax>282</ymax>
		</bndbox>
	</object>
	<object>
		<name>eating</name>
		<pose>Unspecified</pose>
		<truncated>0</truncated>
		<difficult>0</difficult>
		<bndbox>
			<xmin>2059</xmin>
			<ymin>288</ymin>
			<xmax>2306</xmax>
			<ymax>476</ymax>
		</bndbox>
	</object>
	<object>
		<name>standing</name>
		<pose>Unspecified</pose>
		<truncated>0</truncated>
		<difficult>0</difficult>
		<bndbox>
			<xmin>2001</xmin>
			<ymin>222</ymin>
			<xmax>2231</xmax>
			<ymax>400</ymax>
		</bndbox>
	</object>
	<object>
		<name>eating</name>
		<pose>Unspecified</pose>
		<truncated>0</truncated>
		<difficult>0</difficult>
		<bndbox>
			<xmin>1896</xmin>
			<ymin>181</ymin>
			<xmax>2083</xmax>
			<ymax>318</ymax>
		</bndbox>
	</object>
	<object>
		<name>eating</name>
		<pose>Unspecified</pose>
		<truncated>0</truncated>
		<difficult>0</difficult>
		<bndbox>
			<xmin>1809</xmin>
			<ymin>125</ymin>
			<xmax>2042</xmax>
			<ymax>270</ymax>
		</bndbox>
	</object>
	<object>
		<name>lying</name>
		<pose>Unspecified</pose>
		<truncated>0</truncated>
		<difficult>0</difficult>
		<bndbox>
			<xmin>925</xmin>
			<ymin>49</ymin>
			<xmax>1031</xmax>
			<ymax>134</ymax>
		</bndbox>
	</object>
</annotation>
