<annotation>
	<folder>JPEGImages</folder>
	<filename>1392.jpg</filename>
	<path>D:\本科毕设\绵羊数据集\VOCdevkit\VOC2007\JPEGImages\1392.jpg</path>
	<source>
		<database>Unknown</database>
	</source>
	<size>
		<width>2560</width>
		<height>1440</height>
		<depth>3</depth>
	</size>
	<segmented>0</segmented>
	<object>
		<name>lying</name>
		<pose>Unspecified</pose>
		<truncated>0</truncated>
		<difficult>0</difficult>
		<bndbox>
			<xmin>727</xmin>
			<ymin>377</ymin>
			<xmax>1099</xmax>
			<ymax>592</ymax>
		</bndbox>
	</object>
	<object>
		<name>lying</name>
		<pose>Unspecified</pose>
		<truncated>0</truncated>
		<difficult>0</difficult>
		<bndbox>
			<xmin>1000</xmin>
			<ymin>555</ymin>
			<xmax>1523</xmax>
			<ymax>888</ymax>
		</bndbox>
	</object>
	<object>
		<name>standing</name>
		<pose>Unspecified</pose>
		<truncated>0</truncated>
		<difficult>0</difficult>
		<bndbox>
			<xmin>1544</xmin>
			<ymin>593</ymin>
			<xmax>2129</xmax>
			<ymax>1034</ymax>
		</bndbox>
	</object>
	<object>
		<name>standing</name>
		<pose>Unspecified</pose>
		<truncated>0</truncated>
		<difficult>0</difficult>
		<bndbox>
			<xmin>1885</xmin>
			<ymin>730</ymin>
			<xmax>2414</xmax>
			<ymax>1377</ymax>
		</bndbox>
	</object>
	<object>
		<name>eating</name>
		<pose>Unspecified</pose>
		<truncated>0</truncated>
		<difficult>0</difficult>
		<bndbox>
			<xmin>1638</xmin>
			<ymin>151</ymin>
			<xmax>1877</xmax>
			<ymax>312</ymax>
		</bndbox>
	</object>
	<object>
		<name>lying</name>
		<pose>Unspecified</pose>
		<truncated>0</truncated>
		<difficult>0</difficult>
		<bndbox>
			<xmin>1866</xmin>
			<ymin>208</ymin>
			<xmax>2031</xmax>
			<ymax>332</ymax>
		</bndbox>
	</object>
</annotation>
