<annotation>
	<folder>JPEGImages</folder>
	<filename>143.jpg</filename>
	<path>D:\本科毕设\绵羊数据集\VOCdevkit\VOC2007\JPEGImages\143.jpg</path>
	<source>
		<database>Unknown</database>
	</source>
	<size>
		<width>2560</width>
		<height>1440</height>
		<depth>3</depth>
	</size>
	<segmented>0</segmented>
	<object>
		<name>eating</name>
		<pose>Unspecified</pose>
		<truncated>0</truncated>
		<difficult>0</difficult>
		<bndbox>
			<xmin>1314</xmin>
			<ymin>529</ymin>
			<xmax>1941</xmax>
			<ymax>956</ymax>
		</bndbox>
	</object>
	<object>
		<name>eating</name>
		<pose>Unspecified</pose>
		<truncated>0</truncated>
		<difficult>0</difficult>
		<bndbox>
			<xmin>2214</xmin>
			<ymin>390</ymin>
			<xmax>2445</xmax>
			<ymax>660</ymax>
		</bndbox>
	</object>
	<object>
		<name>eating</name>
		<pose>Unspecified</pose>
		<truncated>0</truncated>
		<difficult>0</difficult>
		<bndbox>
			<xmin>1205</xmin>
			<ymin>49</ymin>
			<xmax>1442</xmax>
			<ymax>229</ymax>
		</bndbox>
	</object>
	<object>
		<name>eating</name>
		<pose>Unspecified</pose>
		<truncated>0</truncated>
		<difficult>0</difficult>
		<bndbox>
			<xmin>1263</xmin>
			<ymin>159</ymin>
			<xmax>1547</xmax>
			<ymax>327</ymax>
		</bndbox>
	</object>
	<object>
		<name>eating</name>
		<pose>Unspecified</pose>
		<truncated>0</truncated>
		<difficult>0</difficult>
		<bndbox>
			<xmin>1321</xmin>
			<ymin>349</ymin>
			<xmax>1814</xmax>
			<ymax>625</ymax>
		</bndbox>
	</object>
	<object>
		<name>standing</name>
		<pose>Unspecified</pose>
		<truncated>0</truncated>
		<difficult>0</difficult>
		<bndbox>
			<xmin>780</xmin>
			<ymin>112</ymin>
			<xmax>1068</xmax>
			<ymax>286</ymax>
		</bndbox>
	</object>
	<object>
		<name>eating</name>
		<pose>Unspecified</pose>
		<truncated>0</truncated>
		<difficult>0</difficult>
		<bndbox>
			<xmin>2088</xmin>
			<ymin>303</ymin>
			<xmax>2285</xmax>
			<ymax>471</ymax>
		</bndbox>
	</object>
	<object>
		<name>standing</name>
		<pose>Unspecified</pose>
		<truncated>0</truncated>
		<difficult>0</difficult>
		<bndbox>
			<xmin>1986</xmin>
			<ymin>225</ymin>
			<xmax>2185</xmax>
			<ymax>405</ymax>
		</bndbox>
	</object>
	<object>
		<name>eating</name>
		<pose>Unspecified</pose>
		<truncated>0</truncated>
		<difficult>0</difficult>
		<bndbox>
			<xmin>1892</xmin>
			<ymin>179</ymin>
			<xmax>2038</xmax>
			<ymax>325</ymax>
		</bndbox>
	</object>
	<object>
		<name>eating</name>
		<pose>Unspecified</pose>
		<truncated>0</truncated>
		<difficult>0</difficult>
		<bndbox>
			<xmin>1809</xmin>
			<ymin>125</ymin>
			<xmax>2042</xmax>
			<ymax>270</ymax>
		</bndbox>
	</object>
	<object>
		<name>lying</name>
		<pose>Unspecified</pose>
		<truncated>0</truncated>
		<difficult>0</difficult>
		<bndbox>
			<xmin>925</xmin>
			<ymin>40</ymin>
			<xmax>1036</xmax>
			<ymax>131</ymax>
		</bndbox>
	</object>
</annotation>
